State,Crop,mean,last
Andhra Pradesh,Banana,37229.22604651163,29295.66
Andhra Pradesh,Chickpea,1237.0788068181819,1304.49
Andhra Pradesh,Coffee,958.572865497076,1090.03
Andhra Pradesh,Cotton,2171.491604938272,1939.43
Andhra Pradesh,Grapes,19931.889252873563,12914.38
Andhra Pradesh,Groundnut,1709.1981286549708,1394.41
Andhra Pradesh,Jute,2582.6239805825244,2447.34
Andhra Pradesh,Lentil,941.9675722543353,780.22
Andhra Pradesh,Maize,5943.666379310344,5585.91
Andhra Pradesh,Mango,13414.51618556701,11985.54
Andhra Pradesh,Mustard,1483.1870056497173,1175.33
Andhra Pradesh,Onion,15087.947731958762,4640.6
Andhra Pradesh,Pigeon Pea,943.2542105263158,770.58
Andhra Pradesh,Potato,26580.383743016762,23583.28
Andhra Pradesh,Rice,3861.4841935483873,3502.32
Andhra Pradesh,Soybean,1900.474156626506,2465.41
Andhra Pradesh,Sugarcane,73340.50847368421,92422.72
Andhra Pradesh,Sunflower,1268.720903614458,1214.98
Andhra Pradesh,Tea,1473.7542541436464,1288.29
Andhra Pradesh,Tobacco,1960.7453157894736,2549.31
Andhra Pradesh,Tomato,29932.760503144655,26170.52
Andhra Pradesh,Wheat,3559.6956983240225,3014.63
Assam,Banana,41380.20579881657,44134.66
Assam,Chickpea,959.377803468208,699.02
Assam,Coffee,1278.2911875,1143.19
Assam,Cotton,780.7306976744186,644.82
Assam,Grapes,7008.694121212121,6545.57
Assam,Groundnut,621.531775147929,683.28
Assam,Jute,2334.735947368421,1745.73
Assam,Lentil,492.34770588235295,318.35
Assam,Maize,3921.283609467456,6155.22
Assam,Mango,9225.037277777777,13172.38
Assam,Mustard,1013.3564880952382,1231.54
Assam,Onion,11476.735434782608,22019.0
Assam,Pigeon Pea,338.2552747252747,340.09
Assam,Potato,25095.329361702126,18930.63
Assam,Rice,3618.26425,3352.12
Assam,Soybean,691.3380745341615,590.17
Assam,Sugarcane,84566.05916666666,120802.72
Assam,Sunflower,764.2604945054945,456.87
Assam,Tea,2177.7938414634145,2657.59
Assam,Tobacco,2019.4034374999999,2324.71
Assam,Tomato,19070.40738372093,9399.8
Assam,Wheat,3191.1393103448277,2789.96
Bihar,Banana,39923.66033149171,39525.44
Bihar,Chickpea,1254.2155080213904,1815.6
Bihar,Coffee,1068.2043434343434,757.12
Bihar,Cotton,1743.8470547945205,1069.22
Bihar,Grapes,16123.518385093168,16956.33
Bihar,Groundnut,1380.1349462365592,1148.1
Bihar,Jute,2796.441851851852,2352.65
Bihar,Lentil,940.0055737704918,1049.92
Bihar,Maize,5422.159060773481,8777.39
Bihar,Mango,13139.245202702703,10614.37
Bihar,Mustard,1471.1721387283237,1382.72
Bihar,Onion,14452.730201005026,23674.18
Bihar,Pigeon Pea,708.0774456521739,1154.1
Bihar,Potato,27509.518106508873,48235.44
Bihar,Rice,3930.5233918128656,3632.83
Bihar,Soybean,1499.6864766839378,1249.07
Bihar,Sugarcane,80534.5780120482,86673.09
Bihar,Sunflower,1187.2388679245284,888.66
Bihar,Tea,1616.2634161490682,1274.43
Bihar,Tobacco,2121.753710691824,1893.54
Bihar,Tomato,25959.383657142855,19989.02
Bihar,Wheat,3812.352360248447,5534.15
Chhattisgarh,Banana,43748.65541666667,54602.56
Chhattisgarh,Chickpea,1229.0316129032258,824.54
Chhattisgarh,Coffee,1181.9224137931035,814.38
Chhattisgarh,Cotton,1605.2383673469387,1129.97
Chhattisgarh,Grapes,13049.60966101695,13149.42
Chhattisgarh,Groundnut,1214.865987654321,1192.66
Chhattisgarh,Jute,2718.8244585987263,2595.87
Chhattisgarh,Lentil,834.1987777777778,464.0
Chhattisgarh,Maize,5276.957267080746,3649.87
Chhattisgarh,Mango,13005.60619883041,11168.75
Chhattisgarh,Mustard,1443.1171676300578,1674.99
Chhattisgarh,Onion,13990.400847457628,19447.86
Chhattisgarh,Pigeon Pea,615.7861728395062,675.1
Chhattisgarh,Potato,29650.274634146343,39653.08
Chhattisgarh,Rice,4107.353117647059,4597.47
Chhattisgarh,Soybean,1280.0998305084745,2054.49
Chhattisgarh,Sugarcane,81646.79614035088,95237.62
Chhattisgarh,Sunflower,1061.328,825.16
Chhattisgarh,Tea,1894.6427218934912,1962.07
Chhattisgarh,Tobacco,2204.8256790123455,1408.42
Chhattisgarh,Tomato,25503.72546961326,22080.05
Chhattisgarh,Wheat,3650.502287234043,2257.94
Gujarat,Banana,35551.47475,44574.75
Gujarat,Chickpea,1159.48125,1328.6
Gujarat,Coffee,927.1286666666667,700.65
Gujarat,Cotton,2079.8029299363056,1951.2
Gujarat,Grapes,18863.236748466257,17086.18
Gujarat,Groundnut,1550.6893258426967,2165.56
Gujarat,Jute,2475.722602040816,2881.49
Gujarat,Lentil,873.9775543478261,641.13
Gujarat,Maize,5472.996934673366,8487.9
Gujarat,Mango,12190.408139534884,15668.71
Gujarat,Mustard,1445.9108383233533,752.87
Gujarat,Onion,15500.079940828404,7354.2
Gujarat,Pigeon Pea,839.8393220338983,999.17
Gujarat,Potato,24286.54518292683,37972.58
Gujarat,Rice,3384.629638554217,3228.53
Gujarat,Soybean,1740.1388749999999,2089.27
Gujarat,Sugarcane,72602.9199386503,52427.14
Gujarat,Sunflower,1238.5348863636364,701.84
Gujarat,Tea,1437.1181366459627,1153.1
Gujarat,Tobacco,1861.7434117647058,2460.69
Gujarat,Tomato,27076.140566037735,41179.28
Gujarat,Wheat,3427.967777777778,4675.85
Haryana,Banana,29841.884222222223,16027.3
Haryana,Chickpea,1040.770786516854,617.16
Haryana,Coffee,816.8932903225807,729.75
Haryana,Cotton,2091.054357541899,1815.21
Haryana,Grapes,21818.439749999998,25277.11
Haryana,Groundnut,1639.4193023255814,1661.82
Haryana,Jute,1997.0518032786883,1793.85
Haryana,Lentil,886.2116184971097,592.85
Haryana,Maize,5841.412171428571,5726.49
Haryana,Mango,11089.354230769231,7158.35
Haryana,Mustard,1438.4192,1471.27
Haryana,Onion,17627.406524390244,24065.95
Haryana,Pigeon Pea,991.9035031847134,1115.26
Haryana,Potato,21482.83256578947,31425.28
Haryana,Rice,3188.0414906832298,1499.64
Haryana,Soybean,2034.6930726256983,1805.06
Haryana,Sugarcane,57444.60581081081,59637.99
Haryana,Sunflower,1282.6656043956045,1354.71
Haryana,Tea,1244.4924832214765,970.52
Haryana,Tobacco,1603.5295238095239,1326.38
Haryana,Tomato,28557.86269662921,53768.04
Haryana,Wheat,3203.074095744681,2716.93
Himachal Pradesh,Banana,34326.36715909091,41866.17
Himachal Pradesh,Chickpea,1153.0662962962963,850.27
Himachal Pradesh,Coffee,1054.6491515151515,1286.19
Himachal Pradesh,Cotton,1287.6526011560693,806.01
Himachal Pradesh,Grapes,11588.395086705203,8935.14
Himachal Pradesh,Groundnut,973.4230666666666,862.89
Himachal Pradesh,Jute,2229.561256281407,1788.47
Himachal Pradesh,Lentil,728.4192397660819,639.51
Himachal Pradesh,Maize,4327.676825396826,2875.52
Himachal Pradesh,Mango,10419.7753125,10501.19
Himachal Pradesh,Mustard,1370.5313559322033,1327.58
Himachal Pradesh,Onion,13898.433131868132,14753.57
Himachal Pradesh,Pigeon Pea,527.529125,360.47
Himachal Pradesh,Potato,25289.294497354498,13126.53
Himachal Pradesh,Rice,3230.6132530120485,4407.96
Himachal Pradesh,Soybean,1250.9902259887006,1611.39
Himachal Pradesh,Sugarcane,67727.7444047619,63431.58
Himachal Pradesh,Sunflower,936.1428426395938,332.23
Himachal Pradesh,Tea,1810.9086740331493,1548.56
Himachal Pradesh,Tobacco,1794.1097530864195,2202.06
Himachal Pradesh,Tomato,20727.262183908046,27172.8
Himachal Pradesh,Wheat,3424.2896756756754,3318.51
Jharkhand,Banana,40592.08613259668,51888.67
Jharkhand,Chickpea,1276.8612345679012,1086.12
Jharkhand,Coffee,1159.9841666666666,826.15
Jharkhand,Cotton,1742.1996913580244,1462.0
Jharkhand,Grapes,15030.278292682928,17614.86
Jharkhand,Groundnut,1341.4596531791906,1560.28
Jharkhand,Jute,2723.1320103092785,3082.56
Jharkhand,Lentil,903.9532876712328,585.01
Jharkhand,Maize,5640.024022346369,2470.14
Jharkhand,Mango,12840.365364583333,8792.17
Jharkhand,Mustard,1547.0131891891892,1430.51
Jharkhand,Onion,15415.367114427861,19543.15
Jharkhand,Pigeon Pea,705.0358823529413,562.29
Jharkhand,Potato,29043.723809523806,31205.76
Jharkhand,Rice,3977.60103626943,2083.31
Jharkhand,Soybean,1448.069072847682,2028.37
Jharkhand,Sugarcane,82016.6603821656,92712.78
Jharkhand,Sunflower,1061.2563905325444,2311.95
Jharkhand,Tea,1899.241931818182,2435.93
Jharkhand,Tobacco,2131.203178807947,1561.5
Jharkhand,Tomato,26320.526331360947,12756.44
Jharkhand,Wheat,3798.362077922078,5609.73
Karnataka,Banana,42375.46116564417,44788.22
Karnataka,Chickpea,1119.2569871794872,1762.31
Karnataka,Coffee,1194.0043915343915,984.12
Karnataka,Cotton,1463.1393785310736,2248.27
Karnataka,Grapes,11290.240806451613,7120.67
Karnataka,Groundnut,1055.7748888888889,2085.5
Karnataka,Jute,2543.2953125,1837.75
Karnataka,Lentil,700.7843113772454,508.5
Karnataka,Maize,4939.928888888889,3066.04
Karnataka,Mango,10992.988594594593,5303.53
Karnataka,Mustard,1209.3976470588234,1829.31
Karnataka,Onion,13446.843898305086,11964.06
Karnataka,Pigeon Pea,553.0023602484472,1187.52
Karnataka,Potato,26939.09062111801,20777.45
Karnataka,Rice,3880.213231707317,4112.75
Karnataka,Soybean,1173.2757396449704,1251.22
Karnataka,Sugarcane,82615.57704819276,118577.21
Karnataka,Sunflower,1008.8992207792209,457.92
Karnataka,Tea,1949.6793820224718,1298.75
Karnataka,Tobacco,2050.5857763975155,1902.15
Karnataka,Tomato,24229.575375,28241.46
Karnataka,Wheat,3507.7405625,2951.73
Kerala,Banana,41007.2555,39500.53
Kerala,Chickpea,760.7050617283951,520.62
Kerala,Coffee,1214.0579881656804,773.67
Kerala,Cotton,707.3545604395605,526.86
Kerala,Grapes,6407.503977272727,4621.07
Kerala,Groundnut,564.4754970760234,1196.58
Kerala,Jute,2227.550277777778,2305.16
Kerala,Lentil,384.4623270440252,287.29
Kerala,Maize,3931.817988505747,2695.7
Kerala,Mango,7503.11245398773,5411.58
Kerala,Mustard,815.2197872340425,621.92
Kerala,Onion,9930.617314814814,6012.12
Kerala,Pigeon Pea,319.23973509933774,423.75
Kerala,Potato,22297.886219512195,34735.9
Kerala,Rice,3575.513668639054,2448.83
Kerala,Soybean,643.320497237569,401.04
Kerala,Sugarcane,82075.45578680202,75435.7
Kerala,Sunflower,769.6186624203822,815.99
Kerala,Tea,2178.6995238095237,1210.49
Kerala,Tobacco,1988.883606557377,2212.24
Kerala,Tomato,19099.887094972066,18349.17
Kerala,Wheat,2739.2282222222225,3129.18
Madhya Pradesh,Banana,39122.61213872833,39876.67
Madhya Pradesh,Chickpea,1215.009840425532,944.62
Madhya Pradesh,Coffee,982.8164071856287,1173.12
Madhya Pradesh,Cotton,1950.413081081081,2807.79
Madhya Pradesh,Grapes,18230.0286875,17419.16
Madhya Pradesh,Groundnut,1510.523,1244.34
Madhya Pradesh,Jute,2545.730902777778,2183.57
Madhya Pradesh,Lentil,903.5313855421687,736.15
Madhya Pradesh,Maize,5844.023315217391,4231.29
Madhya Pradesh,Mango,12872.378616352202,13239.04
Madhya Pradesh,Mustard,1504.5077325581394,1557.73
Madhya Pradesh,Onion,15801.547307692306,24650.38
Madhya Pradesh,Pigeon Pea,812.4172297297297,985.68
Madhya Pradesh,Potato,28074.55722972973,33271.81
Madhya Pradesh,Rice,3775.6213970588237,5748.19
Madhya Pradesh,Soybean,1655.479402173913,1536.4
Madhya Pradesh,Sugarcane,75855.26561497326,75084.94
Madhya Pradesh,Sunflower,1227.817077922078,1063.03
Madhya Pradesh,Tea,1551.218734939759,1121.82
Madhya Pradesh,Tobacco,2066.5084,1758.18
Madhya Pradesh,Tomato,26650.59821656051,39601.22
Madhya Pradesh,Wheat,3863.140061349693,4242.41
Maharashtra,Banana,41529.34728476821,49161.42
Maharashtra,Chickpea,1127.1996135265701,1244.27
Maharashtra,Coffee,1144.4176785714287,1539.65
Maharashtra,Cotton,1485.141135135135,1905.13
Maharashtra,Grapes,12882.638,16508.88
Maharashtra,Groundnut,1064.125087719298,1200.99
Maharashtra,Jute,2623.1575000000003,2161.47
Maharashtra,Lentil,724.2077011494252,795.46
Maharashtra,Maize,4812.036871165644,10674.5
Maharashtra,Mango,11749.86101910828,11298.6
Maharashtra,Mustard,1314.834827586207,1802.83
Maharashtra,Onion,13948.089707602338,19734.56
Maharashtra,Pigeon Pea,619.7407344632768,790.36
Maharashtra,Potato,27936.537318435752,26459.31
Maharashtra,Rice,3923.8010982658957,2545.97
Maharashtra,Soybean,1164.6341176470587,960.03
Maharashtra,Sugarcane,82401.0308888889,62303.61
Maharashtra,Sunflower,1083.3036046511627,2078.77
Maharashtra,Tea,1786.5925324675325,1882.23
Maharashtra,Tobacco,2200.557582417582,2284.96
Maharashtra,Tomato,25320.34859649123,11314.4
Maharashtra,Wheat,3719.8444827586204,4532.14
Odisha,Banana,44306.56915343915,63508.64
Odisha,Chickpea,1237.975879396985,1034.55
Odisha,Coffee,1201.3411764705884,836.88
Odisha,Cotton,1559.3799450549452,1613.93
Odisha,Grapes,12590.414425287356,6870.83
Odisha,Groundnut,1152.0483146067415,702.76
Odisha,Jute,2827.987526881721,2136.23
Odisha,Lentil,793.0772955974843,478.06
Odisha,Maize,4885.403313609468,10502.85
Odisha,Mango,12777.5,10288.74
Odisha,Mustard,1413.125786516854,1864.65
Odisha,Onion,12921.728313953488,6207.84
Odisha,Pigeon Pea,551.6125850340136,671.62
Odisha,Potato,29742.29291005291,29084.52
Odisha,Rice,4158.134437869822,4115.74
Odisha,Soybean,1130.4535227272727,1471.12
Odisha,Sugarcane,88593.02517006802,71773.38
Odisha,Sunflower,1115.2663101604278,611.83
Odisha,Tea,1939.5988,2191.25
Odisha,Tobacco,2263.5797005988024,1428.95
Odisha,Tomato,23514.591666666667,8272.71
Odisha,Wheat,3842.4990909090907,3865.21
Punjab,Banana,32072.313220338987,31433.17
Punjab,Chickpea,1203.5276162790697,1363.03
Punjab,Coffee,852.2386802030456,776.55
Punjab,Cotton,2108.8,2128.32
Punjab,Grapes,21570.630487804876,23774.58
Punjab,Groundnut,1628.4593121693122,1920.32
Punjab,Jute,2097.135,2861.14
Punjab,Lentil,946.2958064516129,906.88
Punjab,Maize,5460.86119047619,6257.12
Punjab,Mango,11838.351445783133,15072.59
Punjab,Mustard,1506.2898039215686,1471.59
Punjab,Onion,17533.386222222223,15146.33
Punjab,Pigeon Pea,939.5644099378882,866.03
Punjab,Potato,22721.40835164835,12584.95
Punjab,Rice,3290.496179775281,2761.2
Punjab,Soybean,2086.4713245033113,1590.05
Punjab,Sugarcane,62565.646315789476,56275.83
Punjab,Sunflower,1276.6761111111111,2154.14
Punjab,Tea,1333.9475694444445,1020.22
Punjab,Tobacco,1687.1429559748426,895.06
Punjab,Tomato,29870.643414634145,52704.64
Punjab,Wheat,3421.5936129032257,3429.68
Rajasthan,Banana,27172.037322404372,24548.0
Rajasthan,Chickpea,862.9782208588957,438.64
Rajasthan,Coffee,626.2379761904762,539.44
Rajasthan,Cotton,1919.8814792899407,1615.65
Rajasthan,Grapes,18870.281618497113,31289.67
Rajasthan,Groundnut,1543.3150318471337,1554.05
Rajasthan,Jute,1770.9969811320757,1728.6
Rajasthan,Lentil,743.3154054054054,1471.46
Rajasthan,Maize,4854.164431818182,3126.82
Rajasthan,Mango,9315.262896174863,6939.2
Rajasthan,Mustard,1167.0780107526882,617.66
Rajasthan,Onion,15185.39520231214,11953.37
Rajasthan,Pigeon Pea,909.5511464968152,1063.38
Rajasthan,Potato,17822.901708542715,16581.94
Rajasthan,Rice,2609.2534730538923,2619.65
Rajasthan,Soybean,1752.7591719745224,1693.38
Rajasthan,Sugarcane,52064.24868131868,51858.48
Rajasthan,Sunflower,1177.5340425531915,1141.28
Rajasthan,Tea,962.659213483146,1320.92
Rajasthan,Tobacco,1373.2380722891567,1103.59
Rajasthan,Tomato,25756.32489932886,24130.24
Rajasthan,Wheat,2653.9667080745344,2249.43
Tamil Nadu,Banana,39751.95631578947,35882.69
Tamil Nadu,Chickpea,1261.5692307692307,1530.7
Tamil Nadu,Coffee,1064.001277777778,755.74
Tamil Nadu,Cotton,1966.2586740331492,1776.0
Tamil Nadu,Grapes,17540.452413793104,23010.96
Tamil Nadu,Groundnut,1506.1686419753087,1776.17
Tamil Nadu,Jute,2816.164418604651,2837.08
Tamil Nadu,Lentil,944.3167346938775,786.09
Tamil Nadu,Maize,5811.820967741935,6011.47
Tamil Nadu,Mango,12672.209526627219,12735.23
Tamil Nadu,Mustard,1507.2245652173913,1425.55
Tamil Nadu,Onion,15106.453353293413,13420.14
Tamil Nadu,Pigeon Pea,817.0551479289941,978.05
Tamil Nadu,Potato,27508.035191256833,24654.02
Tamil Nadu,Rice,4103.525316455696,5799.73
Tamil Nadu,Soybean,1624.6468604651163,1628.18
Tamil Nadu,Sugarcane,80798.95134502924,109943.37
Tamil Nadu,Sunflower,1194.711755319149,621.24
Tamil Nadu,Tea,1748.9889411764705,2253.16
Tamil Nadu,Tobacco,2070.4929824561405,1407.89
Tamil Nadu,Tomato,26424.481764705884,34233.89
Tamil Nadu,Wheat,3734.2455345911953,4447.46
Telangana,Banana,36085.80916201117,52481.17
Telangana,Chickpea,1185.2127374301676,1851.78
Telangana,Coffee,952.4720245398773,1535.82
Telangana,Cotton,2161.2919620253165,1533.81
Telangana,Grapes,20940.305056818182,20387.47
Telangana,Groundnut,1666.81,1753.7
Telangana,Jute,2501.4693684210524,2752.34
Telangana,Lentil,935.2163783783784,889.78
Telangana,Maize,6110.612533333333,6080.84
Telangana,Mango,13142.080806451611,6503.82
Telangana,Mustard,1507.3742675159235,1215.4
Telangana,Onion,16169.443870967742,19672.46
Telangana,Pigeon Pea,933.7323353293413,989.85
Telangana,Potato,25384.147911392407,20212.62
Telangana,Rice,3733.2703910614528,2922.99
Telangana,Soybean,1903.8278666666665,1822.16
Telangana,Sugarcane,72324.08304093567,83758.53
Telangana,Sunflower,1260.5717021276596,882.86
Telangana,Tea,1388.8688023952095,1496.33
Telangana,Tobacco,2002.4651973684213,2459.86
Telangana,Tomato,28666.180869565218,27485.7
Telangana,Wheat,3530.656296296296,2760.24
Uttar Pradesh,Banana,35124.91467948718,37963.93
Uttar Pradesh,Chickpea,1195.47,1019.88
Uttar Pradesh,Coffee,959.9500609756097,887.69
Uttar Pradesh,Cotton,2160.8408522727273,1607.55
Uttar Pradesh,Grapes,20655.423067484662,22161.44
Uttar Pradesh,Groundnut,1707.8470068027211,1652.12
Uttar Pradesh,Jute,2531.900955414013,2084.13
Uttar Pradesh,Lentil,960.4762962962964,1119.53
Uttar Pradesh,Maize,5713.496756756756,5301.58
Uttar Pradesh,Mango,12415.048684210526,14586.52
Uttar Pradesh,Mustard,1492.0198773006134,2152.08
Uttar Pradesh,Onion,16646.01486842105,28040.03
Uttar Pradesh,Pigeon Pea,923.7676881720431,928.81
Uttar Pradesh,Potato,24556.83194117647,19656.52
Uttar Pradesh,Rice,3788.4408,3803.5
Uttar Pradesh,Soybean,1949.5691443850267,1856.25
Uttar Pradesh,Sugarcane,70415.5703125,87674.08
Uttar Pradesh,Sunflower,1280.723602484472,1013.19
Uttar Pradesh,Tea,1455.989521276596,1133.11
Uttar Pradesh,Tobacco,1902.868742857143,1176.08
Uttar Pradesh,Tomato,28488.419281045753,25980.68
Uttar Pradesh,Wheat,3753.785058823529,2370.85
Uttarakhand,Banana,38460.27522727273,42098.31
Uttarakhand,Chickpea,1107.8649382716048,1203.46
Uttarakhand,Coffee,1210.6917837837839,1865.62
Uttarakhand,Cotton,1127.4507317073171,732.14
Uttarakhand,Grapes,10481.645389221558,22038.15
Uttarakhand,Groundnut,847.3753846153846,989.25
Uttarakhand,Jute,2401.1887567567564,3020.81
Uttarakhand,Lentil,677.3738372093023,1120.05
Uttarakhand,Maize,4467.129450549451,2410.49
Uttarakhand,Mango,10538.861288343558,10684.95
Uttarakhand,Mustard,1236.820566037736,640.19
Uttarakhand,Onion,13265.161379310346,27151.3
Uttarakhand,Pigeon Pea,427.0645355191257,228.29
Uttarakhand,Potato,27110.87341463415,25593.61
Uttarakhand,Rice,3459.249363057325,1763.7
Uttarakhand,Soybean,942.8940555555555,999.53
Uttarakhand,Sugarcane,76649.91574468085,85650.6
Uttarakhand,Sunflower,936.1622674418605,1713.8
Uttarakhand,Tea,2007.2590452261306,2465.18
Uttarakhand,Tobacco,2008.9094535519125,2130.37
Uttarakhand,Tomato,20906.707152777777,18043.05
Uttarakhand,Wheat,3453.4322302158275,3359.69
West Bengal,Banana,45224.51824242424,36776.42
West Bengal,Chickpea,1137.6003550295857,584.23
West Bengal,Coffee,1265.6295108695651,1068.27
West Bengal,Cotton,1166.6385185185186,1409.1
West Bengal,Grapes,9402.374785276073,9268.84
West Bengal,Groundnut,868.5372327044026,1516.56
West Bengal,Jute,2756.045783783784,2387.37
West Bengal,Lentil,690.1789696969697,863.79
West Bengal,Maize,4060.5875144508673,1324.2
West Bengal,Mango,11760.497967032967,5251.98
West Bengal,Mustard,1310.8783647798743,1053.2
West Bengal,Onion,12100.196392405063,5124.88
West Bengal,Pigeon Pea,407.1630588235294,294.78
West Bengal,Potato,28773.376323529414,16092.27
West Bengal,Rice,4035.2075581395347,2597.45
West Bengal,Soybean,931.185843373494,1528.65
West Bengal,Sugarcane,86866.14869863013,49907.67
West Bengal,Sunflower,965.842883435583,327.31
West Bengal,Tea,2105.2548192771083,2013.35
West Bengal,Tobacco,2187.4139759036143,2802.14
West Bengal,Tomato,20338.27899371069,42122.77
West Bengal,Wheat,3632.181096774193,4385.32
