Date,arrivals,price
2020-03-08,1039.6,1645.0
2020-03-15,2249.25,1731.5
2020-03-22,5867.333333333333,1317.0
2020-03-29,5214.333333333333,1543.6666666666667
2020-04-05,21700.0,1751.0
2020-04-12,10172.0,1183.3333333333333
2020-04-19,14493.5,1034.3333333333333
2020-04-26,8411.8,854.0
2020-05-03,3476.5,868.75
2020-05-10,21647.666666666668,660.0
2020-05-17,9625.0,620.0
2020-05-24,16510.6,654.0
2020-05-31,15111.5,793.8333333333334
2020-06-07,13024.666666666666,760.5
2020-06-14,16864.166666666668,900.5
2020-06-21,39912.333333333336,793.6666666666666
2020-06-28,14571.666666666666,773.6666666666666
2020-07-05,18569.833333333332,766.1666666666666
2020-07-12,20155.083333333332,757.4166666666666
2020-07-19,21740.333333333332,748.6666666666666
2020-07-26,21081.0,700.4
2020-08-02,20223.5,705.1666666666666
2020-08-09,15356.2,719.2
2020-08-16,11461.2,926.4
2020-08-23,12733.666666666666,1473.3333333333333
2020-08-30,11620.0,1492.0
2020-09-06,13137.6,1902.6
2020-09-13,11820.0,2310.8333333333335
2020-09-20,7309.6,2454.8
2020-09-27,9377.333333333334,3252.1666666666665
2020-10-04,6792.4,2982.4
2020-10-11,4403.2,3210.8
2020-10-18,5270.666666666667,4216.666666666667
2020-10-25,4271.0,6100.25
2020-11-01,1440.0,5400.0
2020-11-08,6545.333333333333,3825.5
2020-11-15,10768.333333333334,4083.6666666666665
2020-11-22,7275.0,4250.0
2020-11-29,10575.833333333334,3008.6666666666665
2020-12-06,5417.666666666667,2342.0
2020-12-13,6079.6,2560.0
2020-12-20,3343.6,1806.2
2020-12-27,1170.3333333333333,1605.1666666666667
2021-01-03,291.3333333333333,1566.8333333333333
2021-01-10,220.0,1501.0
2021-01-17,250320.0,2680.0
2021-01-24,200336.0,2897.4
2021-01-31,150352.0,3114.8
2021-02-21,400.0,3767.0
2021-02-28,657.8,2960.0
2021-03-07,947.0,2137.5
2021-03-14,2336.6666666666665,1333.6666666666667
2021-03-21,1898.8,1100.4
2021-03-28,3386.0,967.0
2021-04-04,1963.0,925.0
2021-04-11,2565.6666666666665,908.5
2021-04-18,2000.0,900.0
2021-04-25,3550.0,1000.0
2021-05-02,5100.0,1100.0
2021-05-09,17232.0,1160.2
2021-05-16,21625.0,1168.0
2021-05-23,20279.5,1352.6666666666665
2021-05-30,18934.0,1537.3333333333333
2021-06-06,18099.5,1870.0
2021-06-13,19770.0,1826.0
2021-06-20,23061.25,1840.5
2021-06-27,26352.5,1855.0
2021-07-04,12407.6,1726.0
2021-07-11,14781.833333333334,1714.1666666666667
2021-07-18,13198.4,1560.0
2021-07-25,11493.0,1652.5
2021-08-01,16260.0,1750.25
2021-08-08,13431.0,1650.2
2021-08-15,12478.25,1692.5
2021-08-22,9841.0,1687.5
2021-08-29,10146.0,1555.0
2021-09-05,10455.0,1530.0
2021-09-12,9182.0,1475.0
2021-09-19,12045.0,1450.0
2021-09-26,10871.0,1857.5
2021-10-03,9999.0,2166.6666666666665
2021-10-10,8660.5,3187.5
2021-10-17,7327.5,3535.0
2021-10-24,6894.333333333333,2800.3333333333335
2021-10-31,6787.75,2787.75
2021-11-07,7716.541666666667,2669.041666666667
2021-11-14,8645.333333333334,2550.3333333333335
2021-11-21,6497.2,1907.0
2021-11-28,4734.333333333333,2012.5
2021-12-05,4056.3333333333335,1817.3333333333333
2021-12-12,1296.0,2200.0
2021-12-19,3197.75,2088.0
2021-12-26,22442.0,1901.0
2022-01-02,20258.0,1870.9
2022-01-09,18074.0,1840.8
2022-03-06,602.0,1600.0
2022-03-13,1249.0,1355.0
2022-03-20,2115.25,1260.125
2022-03-27,2981.5,1165.25
2022-04-10,4714.0,975.5
2022-04-17,6900.0,925.0
2022-04-24,8000.0,1050.0
2022-05-01,11400.0,950.0
2022-05-08,11400.0,900.0
2022-05-15,11400.0,850.0
2022-05-22,10925.0,850.0
2022-05-29,10450.0,850.0
2022-06-05,14066.25,1126.25
2022-06-12,48445.0,1149.0
2022-06-19,20689.0,1288.75
2022-06-26,19313.5,1314.625
2022-07-03,17938.0,1340.5
2022-07-10,13600.0,1225.0
2022-07-17,9788.0,1225.25
2022-07-24,13750.0,1150.0
2022-07-31,12000.0,1100.0
